[{"key":{"glCode":"001122200001","compCode":"0010010"},"glDate":"Monday, December 12, 2022 at 12:00:00 AM Myanmar Time","description":"test","srcAccCode":"001-00034","accCode":"002-00002","curCode":"MMK","drAmt":1000.0,"reference":"sss","deptCode":"001-0007","tranSource":"CB","macId":1,"deleted":false,"cash":false,"deptUsrCode":"6","srcAccName":"ေန့စဥ္ေငြစာရင္း","accName":"Sale Income","vouDate":"12/12/2022"},{"key":{"glCode":"001122200002","compCode":"0010010"},"glDate":"Monday, December 12, 2022 at 12:00:00 AM Myanmar Time","description":"test","srcAccCode":"001-00034","accCode":"002-00002","curCode":"MMK","drAmt":1000.0,"reference":"sss","deptCode":"001-0007","tranSource":"CB","macId":1,"deleted":false,"cash":false,"deptUsrCode":"6","srcAccName":"ေန့စဥ္ေငြစာရင္း","accName":"Sale Income","vouDate":"12/12/2022"}]