[{"key":{"glCode":"01-01122200004","compCode":"0010010","deptId":1},"glDate":"Wednesday, December 21, 2022 at 12:00:00 AM Myanmar Time","srcAccCode":"001-00034","accCode":"001-00038","curCode":"MMK","drAmt":221000.0,"deptCode":"001-0001","traderCode":"CUS000001","tranSource":"CB","macId":1,"deleted":false,"cash":false,"deptUsrCode":"H","traderName":"Other Guest","srcAccName":"ေန့စဥ္ေငြစာရင္း","accName":"ကုန္သၫ္စာရင္း (ကုန္ေရာင္း)","vouDate":"21/12/2022","edit":false},{"key":{"glCode":"01-98122200012","compCode":"0010010","deptId":1},"glDate":"Wednesday, December 21, 2022 at 12:00:00 AM Myanmar Time","description":"Sale Voucher Paid : Other Guest","srcAccCode":"001-00034","accCode":"002-00002","curCode":"MMK","drAmt":50000.0,"reference":"","deptCode":"001-0001","tranSource":"SALE","macId":98,"refNo":"01-0100001-1222","deleted":false,"cash":false,"deptUsrCode":"H","srcAccName":"ေန့စဥ္ေငြစာရင္း","accName":"Sale Income","vouDate":"21/12/2022","edit":false}]