[{"key":{"glCode":"01-3120022300001","compCode":"0010010","deptId":1},"glDate":"Monday, February 20, 2023 at 12:00:00 AM Myanmar Time","description":"စိန်ဧကရာဇ် ရွေဘို ၂၅၀ အိတ်မှအ၀င်ပေး","srcAccCode":"D-00031","accCode":"D-00041","curCode":"MMK","drAmt":1.5E7,"reference":"ကိုဆန်း၀င်း","deptCode":"006-0002","traderCode":"CUS000096","tranSource":"CB","macId":31,"deleted":false,"cash":false,"deptUsrCode":"HO","traderName":"ကိုအောင်ဆန်းဝင်း","srcAccName":"နေ့စဉ်ငွေစာရင်း","accName":"Receivable (Debtors)","vouDate":"20/02/2023","edit":false,"opening":0.0,"closing":0.0,"amount":0.0},{"key":{"glCode":"01-3120022300002","compCode":"0010010","deptId":1},"glDate":"Monday, February 20, 2023 at 12:00:00 AM Myanmar Time","description":"KBZ A/C ဖြင့်လွှဲ","srcAccCode":"D-00031","accCode":"D-00041","curCode":"MMK","drAmt":5.0E7,"reference":"ကိုမောင်ထွေး မြိတ်","deptCode":"006-0002","traderCode":"CUS000013","tranSource":"CB","macId":31,"deleted":false,"cash":false,"deptUsrCode":"HO","traderName":"ကိုမောင်ထွေး","srcAccName":"နေ့စဉ်ငွေစာရင်း","accName":"Receivable (Debtors)","vouDate":"20/02/2023","edit":false,"opening":0.0,"closing":0.0,"amount":0.0},{"key":{"glCode":"01-3120022300003","compCode":"0010010","deptId":1},"glDate":"Monday, February 20, 2023 at 12:00:00 AM Myanmar Time","description":"KBZ A/C ဖြင့်လွှဲ","srcAccCode":"D-00031","accCode":"001-00055","curCode":"MMK","drAmt":200000.0,"reference":"ချေးငွေမှ အတိုးလွှဲ Feb ကိုသားကြီး PTA","deptCode":"006-0002","tranSource":"CB","macId":31,"deleted":false,"cash":false,"deptUsrCode":"HO","srcAccName":"နေ့စဉ်ငွေစာရင်း","accName":"ချေးငွေမှ အတိုးစာရင်း","vouDate":"20/02/2023","edit":false,"opening":0.0,"closing":0.0,"amount":0.0},{"key":{"glCode":"01-3120022300004","compCode":"0010010","deptId":1},"glDate":"Monday, February 20, 2023 at 12:00:00 AM Myanmar Time","description":"Kpay မှထုတ်","srcAccCode":"D-00031","accCode":"001-00085","curCode":"MMK","drAmt":59700.0,"reference":"အမေန ဆေး၀ယ်","deptCode":"006-0002","tranSource":"CB","macId":31,"deleted":false,"cash":false,"deptUsrCode":"HO","srcAccName":"နေ့စဉ်ငွေစာရင်း","accName":"KPay A/C","vouDate":"20/02/2023","edit":false,"opening":0.0,"closing":0.0,"amount":0.0},{"key":{"glCode":"01-3120022300005","compCode":"0010010","deptId":1},"glDate":"Monday, February 20, 2023 at 12:00:00 AM Myanmar Time","description":"ကုန်စည်ဒိုင် အသုံး","srcAccCode":"D-00031","accCode":"001-00020","curCode":"MMK","crAmt":20000.0,"deptCode":"006-0002","tranSource":"CB","macId":31,"deleted":false,"cash":false,"deptUsrCode":"HO","srcAccName":"နေ့စဉ်ငွေစာရင်း","accName":"ကုန်စည်ဒိုင် အသုံးစာရင်း","vouDate":"20/02/2023","edit":false,"opening":0.0,"closing":0.0,"amount":0.0},{"key":{"glCode":"01-3120022300006","compCode":"0010010","deptId":1},"glDate":"Monday, February 20, 2023 at 12:00:00 AM Myanmar Time","description":"ဆေး၀ယ်+မုန်္၀ယ်","srcAccCode":"D-00031","accCode":"001-00046","curCode":"MMK","crAmt":90000.0,"reference":"အမေန","deptCode":"006-0002","tranSource":"CB","macId":31,"deleted":false,"cash":false,"deptUsrCode":"HO","srcAccName":"နေ့စဉ်ငွေစာရင်း","accName":"ပံ့ပိုးထောက်ပံ့ငွေများ","vouDate":"20/02/2023","edit":false,"opening":0.0,"closing":0.0,"amount":0.0},{"key":{"glCode":"01-3120022300007","compCode":"0010010","deptId":1},"glDate":"Monday, February 20, 2023 at 12:00:00 AM Myanmar Time","description":"ရေသန့်+ Cola အအေးဝယ်","srcAccCode":"D-00031","accCode":"001-00130","curCode":"MMK","crAmt":15000.0,"deptCode":"006-0002","tranSource":"CB","macId":31,"deleted":false,"cash":false,"deptUsrCode":"HO","srcAccName":"နေ့စဉ်ငွေစာရင်း","accName":"မုန့်ဝယ်စာရင်းများ","vouDate":"20/02/2023","edit":false,"opening":0.0,"closing":0.0,"amount":0.0},{"key":{"glCode":"01-3120022300008","compCode":"0010010","deptId":1},"glDate":"Monday, February 20, 2023 at 12:00:00 AM Myanmar Time","description":"3I/6122 သင်းရနံ့ရွေဘိုဟောင်း ၁၃၅ အိတ် ကားခ","srcAccCode":"D-00031","accCode":"001-00119","curCode":"MMK","crAmt":52000.0,"reference":"ကိုထိန်လင်း","deptCode":"006-0002","tranSource":"CB","macId":31,"deleted":false,"cash":false,"deptUsrCode":"HO","srcAccName":"နေ့စဉ်ငွေစာရင်း","accName":"ဆန်ပို့ တန်ဆာခများ","vouDate":"20/02/2023","edit":false,"opening":0.0,"closing":0.0,"amount":0.0},{"key":{"glCode":"01-3120022300009","compCode":"0010010","deptId":1},"glDate":"Monday, February 20, 2023 at 12:00:00 AM Myanmar Time","description":"စျေးဘိုး","srcAccCode":"D-00031","accCode":"001-00013","curCode":"MMK","crAmt":14000.0,"deptCode":"006-0002","tranSource":"CB","macId":31,"deleted":false,"cash":false,"deptUsrCode":"HO","srcAccName":"နေ့စဉ်ငွေစာရင်း","accName":"လုပ်သားစားစရိတ်","vouDate":"20/02/2023","edit":false,"opening":0.0,"closing":0.0,"amount":0.0},{"key":{"glCode":"01-3120022300010","compCode":"0010010","deptId":1},"glDate":"Monday, February 20, 2023 at 12:00:00 AM Myanmar Time","description":"PZD စာရင်းပေး","srcAccCode":"D-00031","accCode":"D-00056","curCode":"MMK","crAmt":1.5E7,"reference":"ဒိုင်ကိုဆန်း၀င်း ထံမှ","deptCode":"006-0002","traderCode":"CUS000016","tranSource":"CB","macId":31,"deleted":false,"cash":false,"deptUsrCode":"HO","traderName":"ပုဇွန်တောင် စိန်ရွှေမြ","srcAccName":"နေ့စဉ်ငွေစာရင်း","accName":"Payable (Creditor)","vouDate":"20/02/2023","edit":false,"opening":0.0,"closing":0.0,"amount":0.0},{"key":{"glCode":"01-3120022300011","compCode":"0010010","deptId":1},"glDate":"Monday, February 20, 2023 at 12:00:00 AM Myanmar Time","description":"PZD စာရင်းပေး","srcAccCode":"D-00031","accCode":"D-00056","curCode":"MMK","crAmt":5.0E7,"reference":"မြိတ် KBZ A/C လွှဲငွေမှ","deptCode":"006-0002","traderCode":"CUS000016","tranSource":"CB","macId":31,"deleted":false,"cash":false,"deptUsrCode":"HO","traderName":"ပုဇွန်တောင် စိန်ရွှေမြ","srcAccName":"နေ့စဉ်ငွေစာရင်း","accName":"Payable (Creditor)","vouDate":"20/02/2023","edit":false,"opening":0.0,"closing":0.0,"amount":0.0},{"key":{"glCode":"01-3120022300012","compCode":"0010010","deptId":1},"glDate":"Monday, February 20, 2023 at 12:00:00 AM Myanmar Time","description":"PZD စာရင်းပေး","srcAccCode":"D-00031","accCode":"D-00056","curCode":"MMK","crAmt":200000.0,"reference":"PTA KBZ A/C လွှဲငွေ","deptCode":"006-0002","traderCode":"CUS000016","tranSource":"CB","macId":31,"deleted":false,"cash":false,"deptUsrCode":"HO","traderName":"ပုဇွန်တောင် စိန်ရွှေမြ","srcAccName":"နေ့စဉ်ငွေစာရင်း","accName":"Payable (Creditor)","vouDate":"20/02/2023","edit":false,"opening":0.0,"closing":0.0,"amount":0.0},{"key":{"glCode":"01-3120022300013","compCode":"0010010","deptId":1},"glDate":"Monday, February 20, 2023 at 12:00:00 AM Myanmar Time","description":"KSN အပ်ငွေမှ အတိုးပေး","srcAccCode":"D-00031","accCode":"001-00055","curCode":"MMK","crAmt":200000.0,"reference":"Feb","deptCode":"006-0002","tranSource":"CB","macId":31,"deleted":false,"cash":false,"deptUsrCode":"HO","srcAccName":"နေ့စဉ်ငွေစာရင်း","accName":"ချေးငွေမှ အတိုးစာရင်း","vouDate":"20/02/2023","edit":false,"opening":0.0,"closing":0.0,"amount":0.0},{"key":{"glCode":"01-3120022300014","compCode":"0010010","deptId":1},"glDate":"Monday, February 20, 2023 at 12:00:00 AM Myanmar Time","description":"PZD စာရင်းပေး","srcAccCode":"D-00031","accCode":"D-00056","curCode":"MMK","crAmt":800000.0,"deptCode":"006-0002","traderCode":"CUS000016","tranSource":"CB","macId":31,"deleted":false,"cash":false,"deptUsrCode":"HO","traderName":"ပုဇွန်တောင် စိန်ရွှေမြ","srcAccName":"နေ့စဉ်ငွေစာရင်း","accName":"Payable (Creditor)","vouDate":"20/02/2023","edit":false,"opening":0.0,"closing":0.0,"amount":0.0},{"key":{"glCode":"01-3120022300015","compCode":"0010010","deptId":1},"glDate":"Monday, February 20, 2023 at 12:00:00 AM Myanmar Time","description":"လုပ်အားခ","srcAccCode":"D-00031","accCode":"001-00010","curCode":"MMK","crAmt":92000.0,"deptCode":"006-0002","tranSource":"CB","macId":31,"deleted":false,"cash":false,"deptUsrCode":"HO","srcAccName":"နေ့စဉ်ငွေစာရင်း","accName":"လုပ်အားခ","vouDate":"20/02/2023","edit":false,"opening":0.0,"closing":0.0,"amount":0.0},{"key":{"glCode":"01-3120022300016","compCode":"0010010","deptId":1},"glDate":"Monday, February 20, 2023 at 12:00:00 AM Myanmar Time","description":"Kpay မှထုတ်","srcAccCode":"D-00031","accCode":"001-00085","curCode":"MMK","drAmt":54800.0,"reference":"Infinity Mart","deptCode":"006-0002","tranSource":"CB","macId":31,"deleted":false,"cash":false,"deptUsrCode":"HO","srcAccName":"နေ့စဉ်ငွေစာရင်း","accName":"KPay A/C","vouDate":"20/02/2023","edit":false,"opening":0.0,"closing":0.0,"amount":0.0},{"key":{"glCode":"01-3120022300017","compCode":"0010010","deptId":1},"glDate":"Monday, February 20, 2023 at 12:00:00 AM Myanmar Time","description":"Infinity Mart ဈေးဝယ်","srcAccCode":"D-00031","accCode":"D-00066","curCode":"MMK","crAmt":24500.0,"deptCode":"006-0002","tranSource":"CB","macId":31,"deleted":false,"cash":false,"deptUsrCode":"HO","srcAccName":"နေ့စဉ်ငွေစာရင်း","accName":"Ciity Mart ဈေးဝယ်စာရင်းများ","vouDate":"20/02/2023","edit":false,"opening":0.0,"closing":0.0,"amount":0.0},{"key":{"glCode":"01-3220022300001","compCode":"0010010","deptId":1},"glDate":"Monday, February 20, 2023 at 12:00:00 AM Myanmar Time","description":"Sale Voucher Paid : တ/၆၃ လက်လီအရောင်းစာရင်း","srcAccCode":"D-00031","accCode":"D-00060","curCode":"MMK","crAmt":10.0,"reference":"Daily Sale","deptCode":"006-0002","tranSource":"CB","macId":32,"refNo":"01-3100042-0223","deleted":false,"cash":false,"deptUsrCode":"HO","srcAccName":"နေ့စဉ်ငွေစာရင်း","accName":"အရောင်း စာရင်း","vouDate":"20/02/2023","edit":false,"opening":0.0,"closing":0.0,"amount":0.0},{"key":{"glCode":"01-9820022300005","compCode":"0010010","deptId":1},"glDate":"Monday, February 20, 2023 at 12:00:00 AM Myanmar Time","description":"Sale Voucher Paid : တ/၆၃ လက်လီအရောင်းစာရင်း","srcAccCode":"D-00031","accCode":"D-00060","curCode":"MMK","drAmt":1171500.0,"reference":"Daily Sale","deptCode":"006-0002","tranSource":"SALE","macId":98,"refNo":"01-3100042-0223","deleted":false,"cash":false,"deptUsrCode":"HO","srcAccName":"နေ့စဉ်ငွေစာရင်း","accName":"အရောင်း စာရင်း","vouDate":"20/02/2023","edit":false,"opening":0.0,"closing":0.0,"amount":0.0}]