[{"key":{"glCode":"030112200001","compCode":"0010010"},"glDate":"Sunday, November 13, 2022 at 12:00:00 AM Myanmar Time","description":"tem staff(40000-35000)","srcAccCode":"001-00034","accCode":"001-00466","curCode":"MMK","crAmt":1000.0,"reference":"shwe BO ယာယီ၀င္ထြက္စာရင္းၫွိ ","deptCode":"001-0001","tranSource":"CB","deleted":false,"cash":false,"deptUsrCode":"H","srcAccName":"ေန့စဥ္ေငြစာရင္း","accName":"SPT ကုန္ေရာင္း"},{"key":{"glCode":"030112200002","compCode":"0010010"},"glDate":"Sunday, November 13, 2022 at 12:00:00 AM Myanmar Time","description":"scir 9","srcAccCode":"001-00034","accCode":"001-00264","curCode":"MMK","crAmt":1000.0,"reference":"shwe BO ယာယီ၀င္ထြက္စာရင္းၫွိ ","deptCode":"001-0001","tranSource":"CB","deleted":false,"cash":false,"deptUsrCode":"H","srcAccName":"ေန့စဥ္ေငြစာရင္း","accName":"Equipments"},{"key":{"glCode":"030112200003","compCode":"0010010"},"glDate":"Sunday, November 13, 2022 at 12:00:00 AM Myanmar Time","description":"test","srcAccCode":"001-00034","accCode":"001-00466","curCode":"MMK","drAmt":100.0,"reference":"test","deptCode":"001-0001","tranSource":"CB","deleted":false,"cash":false,"deptUsrCode":"H","srcAccName":"ေန့စဥ္ေငြစာရင္း","accName":"SPT ကုန္ေရာင္း"}]