[{"key":{"glCode":"01-03012300002","compCode":"0010010","deptId":1},"glDate":"Thursday, January 5, 2023 at 12:00:00 AM Myanmar Time","description":"test","srcAccCode":"001-00015","accCode":"001-00031","curCode":"MMK","drAmt":12.0,"deptCode":"001-0001","tranSource":"CR","glVouNo":"01-CR-000020123","macId":3,"deleted":false,"cash":false,"deptUsrCode":"P","srcAccName":"Daily Cash","accName":"Share Capital","vouDate":"05/01/2023","edit":false},{"key":{"glCode":"01-03012300001","compCode":"0010010","deptId":1},"glDate":"Thursday, January 5, 2023 at 12:00:00 AM Myanmar Time","description":"test","srcAccCode":"001-00015","accCode":"006-00109","curCode":"MMK","crAmt":1000.0,"reference":"ref","deptCode":"001-0001","traderCode":"SUP001","tranSource":"DR","glVouNo":"01-DR-000010123","macId":3,"refNo":"ref","deleted":false,"cash":false,"deptUsrCode":"P","traderName":"Myan Pyi Thayar Limited (MPT)","srcAccName":"Daily Cash","accName":"Payable (Creditor)","vouDate":"05/01/2023","edit":false}]