[{"traderCode":"SUP001","compCode":"0010010","curCode":"MMK","coaCode":"001-00091","userCode":"SUP001","traderName":"AA Medical","crAmt":111180.0},{"traderCode":"SUP002","compCode":"0010010","curCode":"MMK","coaCode":"001-00091","userCode":"SUP002","traderName":"Amethyst Co.,Ltd","crAmt":751206.95},{"traderCode":"SUP003","compCode":"0010010","curCode":"MMK","coaCode":"001-00091","userCode":"SUP003","traderName":"JDS","crAmt":2370143.45},{"traderCode":"SUP004","compCode":"0010010","curCode":"MMK","coaCode":"001-00091","userCode":"SUP004","traderName":"Sanyadanar"},{"traderCode":"SUP005","compCode":"0010010","curCode":"MMK","coaCode":"001-00091","userCode":"SUP005","traderName":"Image","crAmt":936034.0},{"traderCode":"SUP006","compCode":"0010010","curCode":"MMK","coaCode":"001-00091","userCode":"SUP006","traderName":"Thoon Set"},{"traderCode":"SUP007","compCode":"0010010","curCode":"MMK","coaCode":"001-00091","userCode":"SUP007","traderName":"Canostar"},{"traderCode":"SUP008","compCode":"0010010","curCode":"MMK","coaCode":"001-00091","userCode":"SUP008","traderName":"Moe Thitsar Myay","crAmt":49500.0},{"traderCode":"SUP009","compCode":"0010010","curCode":"MMK","coaCode":"001-00091","userCode":"SUP009","traderName":"Taunggyi Pharmar","crAmt":390700.0},{"traderCode":"SUP010","compCode":"0010010","curCode":"MMK","coaCode":"001-00091","userCode":"SUP010","traderName":"Giant Wave"},{"traderCode":"SUP011","compCode":"0010010","curCode":"MMK","coaCode":"001-00091","userCode":"SUP011","traderName":"Aorta","crAmt":1963780.0},{"traderCode":"SUP012","compCode":"0010010","curCode":"MMK","coaCode":"001-00091","userCode":"SUP012","traderName":"MYMT","crAmt":247239.5},{"traderCode":"SUP013","compCode":"0010010","curCode":"MMK","coaCode":"001-00091","userCode":"SUP013","traderName":"Rammawaddy"},{"traderCode":"SUP014","compCode":"0010010","curCode":"MMK","coaCode":"001-00091","userCode":"SUP014","traderName":"Star Dynasty"},{"traderCode":"SUP015","compCode":"0010010","curCode":"MMK","coaCode":"001-00091","userCode":"SUP015","traderName":"Kable","crAmt":52500.0},{"traderCode":"SUP016","compCode":"0010010","curCode":"MMK","coaCode":"001-00091","userCode":"SUP016","traderName":"24 Hour Kalaw(LinnThitSar)"},{"traderCode":"SUP017","compCode":"0010010","curCode":"MMK","coaCode":"001-00091","userCode":"SUP017","traderName":"MJ Biopharma"},{"traderCode":"SUP018","compCode":"0010010","curCode":"MMK","coaCode":"001-00091","userCode":"SUP018","traderName":"Esti","crAmt":280000.0},{"traderCode":"SUP019","compCode":"0010010","curCode":"MMK","coaCode":"001-00091","userCode":"SUP019","traderName":"Medicine House","crAmt":80900.0},{"traderCode":"SUP020","compCode":"0010010","curCode":"MMK","coaCode":"001-00091","userCode":"SUP020","traderName":"Golden Sprit"},{"traderCode":"SUP021","compCode":"0010010","curCode":"MMK","coaCode":"001-00091","userCode":"SUP021","traderName":"2/700","crAmt":2416000.0},{"traderCode":"SUP022","compCode":"0010010","curCode":"MMK","coaCode":"001-00091","userCode":"SUP022","traderName":"Lin Latt Aung","crAmt":952504.0},{"traderCode":"SUP023","compCode":"0010010","curCode":"MMK","coaCode":"001-00091","userCode":"SUP023","traderName":"Kyaw Family","crAmt":2871857.0},{"traderCode":"SUP024","compCode":"0010010","curCode":"MMK","coaCode":"001-00091","userCode":"SUP024","traderName":"Ready Medicine"},{"traderCode":"SUP025","compCode":"0010010","curCode":"MMK","coaCode":"001-00091","userCode":"SUP025","traderName":"Zedi"},{"traderCode":"SUP026","compCode":"0010010","curCode":"MMK","coaCode":"001-00091","userCode":"SUP026","traderName":"KTZ","crAmt":3618450.0},{"traderCode":"SUP027","compCode":"0010010","curCode":"MMK","coaCode":"001-00091","userCode":"SUP027","traderName":"Golden Glory","crAmt":150000.0},{"traderCode":"SUP028","compCode":"0010010","curCode":"MMK","coaCode":"001-00091","userCode":"SUP028","traderName":"Sin Phyu Kyun"},{"traderCode":"SUP029","compCode":"0010010","curCode":"MMK","coaCode":"001-00091","userCode":"SUP029","traderName":"Acknowledgement","crAmt":208420.0},{"traderCode":"SUP030","compCode":"0010010","curCode":"MMK","coaCode":"001-00091","userCode":"SUP030","traderName":"Knowledge House","crAmt":1050170.0},{"traderCode":"SUP031","compCode":"0010010","curCode":"MMK","coaCode":"001-00091","userCode":"SUP031","traderName":"Pyrex"},{"traderCode":"SUP032","compCode":"0010010","curCode":"MMK","coaCode":"001-00091","userCode":"SUP032","traderName":"Future Glory \u0026 More","crAmt":30000.0},{"traderCode":"SUP033","compCode":"0010010","curCode":"MMK","coaCode":"001-00091","userCode":"SUP033","traderName":"Zwe Thuriya","crAmt":13250.0},{"traderCode":"SUP034","compCode":"0010010","curCode":"MMK","coaCode":"001-00091","userCode":"SUP034","traderName":"Swam","crAmt":67300.0},{"traderCode":"SUP035","compCode":"0010010","curCode":"MMK","coaCode":"001-00091","userCode":"SUP035","traderName":"Yandanar Family","crAmt":1158850.0},{"traderCode":"SUP036","compCode":"0010010","curCode":"MMK","coaCode":"001-00091","userCode":"SUP036","traderName":"San Lwin","crAmt":1316563.0},{"traderCode":"SUP037","compCode":"0010010","curCode":"MMK","coaCode":"001-00091","userCode":"SUP037","traderName":"Life Line","crAmt":843756.05},{"traderCode":"SUP038","compCode":"0010010","curCode":"MMK","coaCode":"001-00091","userCode":"SUP038","traderName":"Asia Advance","drAmt":301000.0},{"traderCode":"SUP039","compCode":"0010010","curCode":"MMK","coaCode":"001-00091","userCode":"SUP039","traderName":"DKSH","crAmt":919049.8},{"traderCode":"SUP040","compCode":"0010010","curCode":"MMK","coaCode":"001-00091","userCode":"SUP040","traderName":"Pinnacle House","crAmt":754234.0},{"traderCode":"SUP041","compCode":"0010010","curCode":"MMK","coaCode":"001-00091","userCode":"SUP041","traderName":"Men","crAmt":555000.0},{"traderCode":"SUP042","compCode":"0010010","curCode":"MMK","coaCode":"001-00091","userCode":"SUP042","traderName":"Model Pharma"},{"traderCode":"SUP043","compCode":"0010010","curCode":"MMK","coaCode":"001-00091","userCode":"SUP043","traderName":"KMT"},{"traderCode":"SUP044","compCode":"0010010","curCode":"MMK","coaCode":"001-00091","userCode":"SUP044","traderName":"Htoo"},{"traderCode":"SUP045","compCode":"0010010","curCode":"MMK","coaCode":"001-00091","userCode":"SUP045","traderName":"Win Pharmacy","crAmt":98000.0},{"traderCode":"SUP046","compCode":"0010010","curCode":"MMK","coaCode":"001-00091","userCode":"SUP046","traderName":"BPG Group"},{"traderCode":"SUP047","compCode":"0010010","curCode":"MMK","coaCode":"001-00091","userCode":"SUP047","traderName":"Pharma Apex","crAmt":32000.0},{"traderCode":"SUP048","compCode":"0010010","curCode":"MMK","coaCode":"001-00091","userCode":"SUP048","traderName":"RDCL","crAmt":4778500.0},{"traderCode":"SUP049","compCode":"0010010","curCode":"MMK","coaCode":"001-00091","userCode":"SUP049","traderName":"TTO","crAmt":840167.5},{"traderCode":"SUP050","compCode":"0010010","curCode":"MMK","coaCode":"001-00091","userCode":"SUP050","traderName":"YSI","crAmt":1644000.0},{"traderCode":"SUP051","compCode":"0010010","curCode":"MMK","coaCode":"001-00091","userCode":"SUP051","traderName":"Noelle","crAmt":227700.0},{"traderCode":"SUP052","compCode":"0010010","curCode":"MMK","coaCode":"001-00091","userCode":"SUP052","traderName":"Ni Lay Naing","crAmt":4308000.0},{"traderCode":"SUP053","compCode":"0010010","curCode":"MMK","coaCode":"001-00091","userCode":"SUP053","traderName":"Star Med"},{"traderCode":"SUP054","compCode":"0010010","curCode":"MMK","coaCode":"001-00091","userCode":"SUP054","traderName":"Mega","crAmt":4996125.5},{"traderCode":"SUP055","compCode":"0010010","curCode":"MMK","coaCode":"001-00091","userCode":"SUP055","traderName":"Mascots","crAmt":162000.0},{"traderCode":"SUP056","compCode":"0010010","curCode":"MMK","coaCode":"001-00091","userCode":"SUP056","traderName":"Win Nectar"},{"traderCode":"SUP057","compCode":"0010010","curCode":"MMK","coaCode":"001-00091","userCode":"SUP057","traderName":"Han Ideal","crAmt":563451.55},{"traderCode":"SUP058","compCode":"0010010","curCode":"MMK","coaCode":"001-00091","userCode":"SUP058","traderName":"TMMK"},{"traderCode":"SUP059","compCode":"0010010","curCode":"MMK","coaCode":"001-00091","userCode":"SUP059","traderName":"Naung Yin"},{"traderCode":"SUP060","compCode":"0010010","curCode":"MMK","coaCode":"001-00091","userCode":"SUP060","traderName":"Raptakos"},{"traderCode":"SUP061","compCode":"0010010","curCode":"MMK","coaCode":"001-00091","userCode":"SUP061","traderName":"Golden Lamp Distribution"},{"traderCode":"SUP062","compCode":"0010010","curCode":"MMK","coaCode":"001-00091","userCode":"SUP062","traderName":"Dr.Saw Myat Thitsar"},{"traderCode":"SUP063","compCode":"0010010","curCode":"MMK","coaCode":"001-00091","userCode":"SUP063","traderName":"Taw WIN"},{"traderCode":"SUP064","compCode":"0010010","curCode":"MMK","coaCode":"001-00091","userCode":"SUP064","traderName":"Shwe Ka Thit"},{"traderCode":"SUP065","compCode":"0010010","curCode":"MMK","coaCode":"001-00091","userCode":"SUP065","traderName":"Hwa Yang","crAmt":328200.0},{"traderCode":"SUP066","compCode":"0010010","curCode":"MMK","coaCode":"001-00091","userCode":"SUP066","traderName":"Ma Phyone"},{"traderCode":"SUP067","compCode":"0010010","curCode":"MMK","coaCode":"001-00091","userCode":"SUP067","traderName":"လပြည့်ဝန်းဆေးဆိုင်","crAmt":118450.0},{"traderCode":"SUP068","compCode":"0010010","curCode":"MMK","coaCode":"001-00091","userCode":"SUP068","traderName":"Medi  Myanmar","crAmt":2122350.0},{"traderCode":"SUP069","compCode":"0010010","curCode":"MMK","coaCode":"001-00091","userCode":"SUP069","traderName":"ဘေးမခ  ဆေးဆိုင်"},{"traderCode":"SUP070","compCode":"0010010","curCode":"MMK","coaCode":"001-00091","userCode":"SUP070","traderName":"MBD"},{"traderCode":"SUP071","compCode":"0010010","curCode":"MMK","coaCode":"001-00091","userCode":"SUP071","traderName":"Royal Ruby","crAmt":242000.0},{"traderCode":"SUP072","compCode":"0010010","curCode":"MMK","coaCode":"001-00091","userCode":"SUP072","traderName":"Aung yadanar"},{"traderCode":"SUP073","compCode":"0010010","curCode":"MMK","coaCode":"001-00091","userCode":"SUP073","traderName":"IC Baby Store"},{"traderCode":"SUP074","compCode":"0010010","curCode":"MMK","coaCode":"001-00091","userCode":"SUP074","traderName":"BMT  နိူ့ မူန္"},{"traderCode":"SUP075","compCode":"0010010","curCode":"MMK","coaCode":"001-00091","userCode":"SUP075","traderName":"BMT   နိူ ့မူန္"},{"traderCode":"SUP076","compCode":"0010010","curCode":"MMK","coaCode":"001-00091","userCode":"SUP076","traderName":"BMT"},{"traderCode":"SUP077","compCode":"0010010","curCode":"MMK","coaCode":"001-00091","userCode":"SUP077","traderName":"Shwe Ohh Pharmacy"},{"traderCode":"SUP078","compCode":"0010010","curCode":"MMK","coaCode":"001-00091","userCode":"SUP078","traderName":"Win Yangon"},{"traderCode":"SUP079","compCode":"0010010","curCode":"MMK","coaCode":"001-00091","userCode":"SUP079","traderName":"ရွှေဝတ်မူန်"},{"traderCode":"SUP080","compCode":"0010010","curCode":"MMK","coaCode":"001-00091","userCode":"SUP080","traderName":"OLive Pharmac"},{"traderCode":"SUP081","compCode":"0010010","curCode":"MMK","coaCode":"001-00091","userCode":"SUP081","traderName":"Thuka Kalyar"},{"traderCode":"SUP082","compCode":"0010010","curCode":"MMK","coaCode":"001-00091","userCode":"SUP082","traderName":"Dr. YE\u0027 Min Shwe"},{"traderCode":"SUP083","compCode":"0010010","curCode":"MMK","coaCode":"001-00091","userCode":"SUP083","traderName":"Biosys   Company limite","crAmt":280000.0},{"traderCode":"SUP084","compCode":"0010010","curCode":"MMK","coaCode":"001-00091","userCode":"SUP084","traderName":"Ko Zaw Min"},{"traderCode":"SUP085","compCode":"0010010","curCode":"MMK","coaCode":"001-00091","userCode":"SUP085","traderName":"STR"},{"traderCode":"SUP086","compCode":"0010010","curCode":"MMK","coaCode":"001-00091","userCode":"SUP086","traderName":"Other Paymant","crAmt":205457.0},{"traderCode":"SUP087","compCode":"0010010","curCode":"MMK","coaCode":"001-00091","userCode":"SUP087","traderName":"Rmedica"},{"traderCode":"SUP088","compCode":"0010010","curCode":"MMK","coaCode":"001-00091","userCode":"SUP088","traderName":"PANDORA","crAmt":70000.0},{"traderCode":"SUP089","compCode":"0010010","curCode":"MMK","coaCode":"001-00091","userCode":"SUP089","traderName":"Yee Shin","crAmt":102500.0},{"traderCode":"SUP090","compCode":"0010010","curCode":"MMK","coaCode":"001-00091","userCode":"SUP090","traderName":"Kyaw Htet Aung"},{"traderCode":"SUP091","compCode":"0010010","curCode":"MMK","coaCode":"001-00091","userCode":"SUP091","traderName":"R.OASIS","crAmt":298000.0},{"traderCode":"SUP092","compCode":"0010010","curCode":"MMK","coaCode":"001-00091","userCode":"SUP092","traderName":"Dr.Khun Bhone Naing (Cherry Pharmacy)","crAmt":6908375.0},{"traderCode":"SUP093","compCode":"0010010","curCode":"MMK","coaCode":"001-00091","userCode":"SUP093","traderName":"United Pharma","crAmt":1414127.5},{"traderCode":"SUP094","compCode":"0010010","curCode":"MMK","coaCode":"001-00091","userCode":"SUP094","traderName":"ADVA MED"},{"traderCode":"SUP095","compCode":"0010010","curCode":"MMK","coaCode":"001-00091","userCode":"SUP095","traderName":"NNST","drAmt":1498157.7},{"traderCode":"SUP096","compCode":"0010010","curCode":"MMK","coaCode":"001-00091","userCode":"SUP096","traderName":"ASHRO MYANMAR"},{"traderCode":"SUP097","compCode":"0010010","curCode":"MMK","coaCode":"001-00091","userCode":"SUP097","traderName":"Genius Family(YGN)"},{"traderCode":"SUP098","compCode":"0010010","curCode":"MMK","coaCode":"001-00091","userCode":"SUP098","traderName":"MC Pharmaceuticals","crAmt":128688.0},{"traderCode":"SUP099","compCode":"0010010","curCode":"MMK","coaCode":"001-00091","userCode":"SUP099","traderName":"2/700 Br.SNO","crAmt":328200.0},{"traderCode":"SUP100","compCode":"0010010","curCode":"MMK","coaCode":"001-00091","userCode":"SUP100","traderName":"Fame Pharma"},{"traderCode":"SUP101","compCode":"0010010","curCode":"MMK","coaCode":"001-00091","userCode":"SUP101","traderName":"ZaBulin Pharmacy","crAmt":546275.0},{"traderCode":"SUP102","compCode":"0010010","curCode":"MMK","coaCode":"001-00091","userCode":"SUP102","traderName":"Sea Lion","crAmt":1632288.0},{"traderCode":"SUP103","compCode":"0010010","curCode":"MMK","coaCode":"001-00091","userCode":"SUP103","traderName":"AA Medical Products LTD (Lab)","crAmt":102800.0},{"traderCode":"SUP104","compCode":"0010010","curCode":"MMK","coaCode":"001-00091","userCode":"SUP104","traderName":"Betadine Myanmar"},{"traderCode":"SUP105","compCode":"0010010","curCode":"MMK","coaCode":"001-00091","userCode":"SUP105","traderName":"Nan Lu"},{"traderCode":"SUP106","compCode":"0010010","curCode":"MMK","coaCode":"001-00091","userCode":"SUP106","traderName":"2/700 Reagent (NST)"},{"traderCode":"SUP107","compCode":"0010010","curCode":"MMK","coaCode":"001-00091","userCode":"SUP107","traderName":"Poly Gold","crAmt":883500.0},{"traderCode":"SUP109","compCode":"0010010","curCode":"MMK","coaCode":"001-00091","userCode":"SUP109","traderName":"Headway Co.,ltd"},{"traderCode":"SUP110","compCode":"0010010","curCode":"MMK","coaCode":"001-00091","userCode":"SUP110","traderName":"Pai Brother co.ltd"},{"traderCode":"SUP111","compCode":"0010010","curCode":"MMK","coaCode":"001-00091","userCode":"SUP111","traderName":"Cipla Co.itd","crAmt":61287.0},{"traderCode":"SUP112","compCode":"0010010","curCode":"MMK","coaCode":"001-00091","userCode":"SUP112","traderName":"Dr.Nge"},{"traderCode":"SUP113","compCode":"0010010","curCode":"MMK","coaCode":"001-00091","userCode":"SUP113","traderName":"Raptakos Brett co.ltd"},{"traderCode":"SUP114","compCode":"0010010","curCode":"MMK","coaCode":"001-00091","userCode":"SUP114","traderName":"40 Stars co.ltd"},{"traderCode":"SUP115","compCode":"0010010","curCode":"MMK","coaCode":"001-00091","userCode":"SUP115","traderName":"Royal ZIK Co.ltd"},{"traderCode":"SUP116","compCode":"0010010","curCode":"MMK","coaCode":"001-00091","userCode":"SUP116","traderName":"Emcure co.ltd"},{"traderCode":"SUP117","compCode":"0010010","curCode":"MMK","coaCode":"001-00091","userCode":"SUP117","traderName":"Ever Glory","crAmt":2880000.0},{"traderCode":"SUP118","compCode":"0010010","curCode":"MMK","coaCode":"001-00091","userCode":"SUP118","traderName":"Shwe Ziwa","crAmt":43000.0},{"traderCode":"SUP119","compCode":"0010010","curCode":"MMK","coaCode":"001-00091","userCode":"SUP119","traderName":"Shwin Chan"},{"traderCode":"SUP120","compCode":"0010010","curCode":"MMK","coaCode":"001-00091","userCode":"SUP120","traderName":"Ko Nay Sis Thway"},{"traderCode":"SUP121","compCode":"0010010","curCode":"MMK","coaCode":"001-00091","userCode":"SUP121","traderName":"Fresenius Medical Care","crAmt":1588000.0},{"traderCode":"SUP122","compCode":"0010010","curCode":"MMK","coaCode":"001-00091","userCode":"SUP122","traderName":"DIATECH","crAmt":8198000.0},{"traderCode":"SUP123","compCode":"0010010","curCode":"MMK","coaCode":"001-00091","userCode":"SUP123","traderName":"AMD Reagent (LAb)","crAmt":1784660.0},{"traderCode":"SUP124","compCode":"0010010","curCode":"MMK","coaCode":"001-00091","userCode":"SUP124","traderName":"Royal Care Plus co,ltd","crAmt":2137120.0},{"traderCode":"SUP125","compCode":"0010010","curCode":"MMK","coaCode":"001-00091","userCode":"SUP125","traderName":"Phoe La Min","crAmt":77500.0},{"traderCode":"SUP126","compCode":"0010010","curCode":"MMK","coaCode":"001-00091","userCode":"SUP126","traderName":"KT MED Equipment co.,ltd"},{"traderCode":"SUP127","compCode":"0010010","curCode":"MMK","coaCode":"001-00091","userCode":"SUP127","traderName":"Ye Zin Latt Co.ltd"},{"traderCode":"SUP128","compCode":"0010010","curCode":"MMK","coaCode":"001-00091","userCode":"SUP128","traderName":"4R Co.ltd"},{"traderCode":"SUP129","compCode":"0010010","curCode":"MMK","coaCode":"001-00091","userCode":"SUP129","traderName":"Ko Chit Htwe (Yangon)","crAmt":181500.0},{"traderCode":"SUP130","compCode":"0010010","curCode":"MMK","coaCode":"001-00091","userCode":"SUP130","traderName":"Remedica Co.,ltd"},{"traderCode":"SUP131","compCode":"0010010","curCode":"MMK","coaCode":"001-00091","userCode":"SUP131","traderName":"RVK co.,ltd"},{"traderCode":"SUP132","compCode":"0010010","curCode":"MMK","coaCode":"001-00091","userCode":"SUP132","traderName":"2/700(HD)"},{"traderCode":"SUP133","compCode":"0010010","curCode":"MMK","coaCode":"001-00091","userCode":"SUP133","traderName":"Mahar Devi co.,ltd","crAmt":72171.0},{"traderCode":"SUP134","compCode":"0010010","curCode":"MMK","coaCode":"001-00091","userCode":"SUP134","traderName":"Kaung Si Thu Htet Co.ltd"},{"traderCode":"SUP135","compCode":"0010010","curCode":"MMK","coaCode":"001-00091","userCode":"SUP135","traderName":"Aung Cho Tun Co.LTD"},{"traderCode":"SUP136","compCode":"0010010","curCode":"MMK","coaCode":"001-00091","userCode":"SUP136","traderName":"Right\u0026Bright International co.,ltd"},{"traderCode":"SUP137","compCode":"0010010","curCode":"MMK","coaCode":"001-00091","userCode":"SUP137","traderName":"Thein Kabar TGI","crAmt":660000.0},{"traderCode":"SUP139","compCode":"0010010","curCode":"MMK","coaCode":"001-00091","userCode":"SUP139","traderName":"Swan Htet Pharmacy"},{"traderCode":"SUP140","compCode":"0010010","curCode":"MMK","coaCode":"001-00091","userCode":"SUP140","traderName":"La Yeik Mon Co.ltd","crAmt":257000.0},{"traderCode":"SUP141","compCode":"0010010","curCode":"MMK","coaCode":"001-00091","userCode":"SUP141","traderName":"Dr.Zayar Htun"},{"traderCode":"SUP142","compCode":"0010010","curCode":"MMK","coaCode":"001-00091","userCode":"SUP142","traderName":"Dumex Co.,ltd","crAmt":34350.0},{"traderCode":"SUP143","compCode":"0010010","curCode":"MMK","coaCode":"001-00091","userCode":"SUP143","traderName":"Mahaswari co.,ltd","crAmt":9520.0},{"traderCode":"SUP144","compCode":"0010010","curCode":"MMK","coaCode":"001-00091","userCode":"SUP144","traderName":"Lucky Day Co.,ltd"},{"traderCode":"SUP145","compCode":"0010010","curCode":"MMK","coaCode":"001-00091","userCode":"SUP145","traderName":"Incepta Co.,ltd","drAmt":176000.0},{"traderCode":"SUP146","compCode":"0010010","curCode":"MMK","coaCode":"001-00091","userCode":"SUP146","traderName":"Pahtama Group Co.,ltd","crAmt":102200.0},{"traderCode":"SUP147","compCode":"0010010","curCode":"MMK","coaCode":"001-00091","userCode":"SUP147","traderName":"Intas Co.,ltd","crAmt":171300.1},{"traderCode":"SUP148","compCode":"0010010","curCode":"MMK","coaCode":"001-00091","userCode":"SUP148","traderName":"Asia Winner Co.,ltd","crAmt":100500.0},{"traderCode":"SUP149","compCode":"0010010","curCode":"MMK","coaCode":"001-00091","userCode":"SUP149","traderName":"Global Sky Co.,ltd"},{"traderCode":"SUP150","compCode":"0010010","curCode":"MMK","coaCode":"001-00091","userCode":"SUP150","traderName":"Bacchanal Trading Co.,ltd","crAmt":271400.0},{"traderCode":"SUP151","compCode":"0010010","curCode":"MMK","coaCode":"001-00091","userCode":"SUP151","traderName":"Medi Health Co.,ltd"},{"traderCode":"SUP152","compCode":"0010010","curCode":"MMK","coaCode":"001-00091","userCode":"SUP152","traderName":"Lupin Co.,ltd"},{"traderCode":"SUP153","compCode":"0010010","curCode":"MMK","coaCode":"001-00091","userCode":"SUP153","traderName":"Successful Top Right Company Co.,ltd"},{"traderCode":"SUP154","compCode":"0010010","curCode":"MMK","coaCode":"001-00091","userCode":"SUP154","traderName":"Sandar Myaing Co.,ltd"},{"traderCode":"SUP155","compCode":"0010010","curCode":"MMK","coaCode":"001-00091","userCode":"SUP155","traderName":"SML"},{"traderCode":"SUP156","compCode":"0010010","curCode":"MMK","coaCode":"001-00091","userCode":"SUP156","traderName":"Nazco Trading Co.,ltd"},{"traderCode":"SUP157","compCode":"0010010","curCode":"MMK","coaCode":"001-00091","userCode":"SUP157","traderName":"Okkar Thiri"},{"traderCode":"SUP158","compCode":"0010010","curCode":"MMK","coaCode":"001-00091","userCode":"SUP158","traderName":"MY Medicine (KBZ)"},{"traderCode":"SUP159","compCode":"0010010","curCode":"MMK","coaCode":"001-00091","userCode":"SUP159","traderName":"HEALTHY LIFE CO, LTD","crAmt":471500.0},{"traderCode":"SUP160","compCode":"0010010","curCode":"MMK","coaCode":"001-00091","userCode":"SUP160","traderName":"EMP","crAmt":47615.0},{"traderCode":"SUP162","compCode":"0010010","curCode":"MMK","coaCode":"001-00091","userCode":"SUP162","traderName":"Grand Master International Co.,ltd"},{"traderCode":"SUP163","compCode":"0010010","curCode":"MMK","coaCode":"001-00091","userCode":"SUP163","traderName":"BIOSIRIUS"},{"traderCode":"SUP164","compCode":"0010010","curCode":"MMK","coaCode":"001-00091","userCode":"SUP164","traderName":"Summer Co.,ltd"},{"traderCode":"SUP165","compCode":"0010010","curCode":"MMK","coaCode":"001-00091","userCode":"SUP165","traderName":"Crown Medical Co.,ltd"},{"traderCode":"SUP166","compCode":"0010010","curCode":"MMK","coaCode":"001-00091","userCode":"SUP166","traderName":"Zizawa Co.,ltd"},{"traderCode":"SUP167","compCode":"0010010","curCode":"MMK","coaCode":"001-00091","userCode":"SUP167","traderName":"Apex Biotech Co.,ltd"},{"traderCode":"SUP168","compCode":"0010010","curCode":"MMK","coaCode":"001-00091","userCode":"SUP168","traderName":"Ko Min Thu(YGN)"},{"traderCode":"SUP169","compCode":"0010010","curCode":"MMK","coaCode":"001-00091","userCode":"SUP169","traderName":"Lin Min Thu Co, ltd"},{"traderCode":"SUP170","compCode":"0010010","curCode":"MMK","coaCode":"001-00091","userCode":"SUP170","traderName":"KPT  Distribution"},{"traderCode":"SUP171","compCode":"0010010","curCode":"MMK","coaCode":"001-00091","userCode":"SUP171","traderName":"U Myint Mg Mg"},{"traderCode":"SUP172","compCode":"0010010","curCode":"MMK","coaCode":"001-00091","userCode":"SUP172","traderName":"Success capital Co.,ltd"},{"traderCode":"SUP173","compCode":"0010010","curCode":"MMK","coaCode":"001-00091","userCode":"SUP173","traderName":"Top Prime Co.,ltd"},{"traderCode":"SUP174","compCode":"0010010","curCode":"MMK","coaCode":"001-00091","userCode":"SUP174","traderName":"Great Heron Co.,ltd"},{"traderCode":"SUP175","compCode":"0010010","curCode":"MMK","coaCode":"001-00091","userCode":"SUP175","traderName":"Tricare Co.,ltd"},{"traderCode":"SUP176","compCode":"0010010","curCode":"MMK","coaCode":"001-00091","userCode":"SUP176","traderName":"Wut Hmone Co.,ltd"},{"traderCode":"SUP177","compCode":"0010010","curCode":"MMK","coaCode":"001-00091","userCode":"SUP177","traderName":"Great Science Co.,ltd"},{"traderCode":"SUP178","compCode":"0010010","curCode":"MMK","coaCode":"001-00091","userCode":"SUP178","traderName":"Nang Shwe Yin \u0026 Group Co.,ltd"},{"traderCode":"SUP179","compCode":"0010010","curCode":"MMK","coaCode":"001-00091","userCode":"SUP179","traderName":"Five Fingers Co.,ltd"},{"traderCode":"SUP180","compCode":"0010010","curCode":"MMK","coaCode":"001-00091","userCode":"SUP180","traderName":"Win Yadanar Pone Co.,ltd","crAmt":0.5},{"traderCode":"SUP181","compCode":"0010010","curCode":"MMK","coaCode":"001-00091","userCode":"SUP181","traderName":"Myanmar Sunbeam Co.,ltd"},{"traderCode":"SUP182","compCode":"0010010","curCode":"MMK","coaCode":"001-00091","userCode":"SUP182","traderName":"Hemas Mandalar Co.,ltd"},{"traderCode":"SUP183","compCode":"0010010","curCode":"MMK","coaCode":"001-00091","userCode":"SUP183","traderName":"Towards Ultimate Company Co.,LTD"},{"traderCode":"SUP184","compCode":"0010010","curCode":"MMK","coaCode":"001-00091","userCode":"SUP184","traderName":"Universal Company Co.,LTD"},{"traderCode":"SUP185","compCode":"0010010","curCode":"MMK","coaCode":"001-00091","userCode":"SUP185","traderName":"Gambiro Company Co.,ltd"},{"traderCode":"SUP186","compCode":"0010010","curCode":"MMK","coaCode":"001-00091","userCode":"SUP186","traderName":"Magnifico Swe Mon Toe Co.,ltd","crAmt":565250.0},{"traderCode":"SUP187","compCode":"0010010","curCode":"MMK","coaCode":"001-00091","userCode":"SUP187","traderName":"ABC Co.,ltd","crAmt":472500.0},{"traderCode":"SUP188","compCode":"0010010","curCode":"MMK","coaCode":"001-00091","userCode":"SUP188","traderName":"Holy Flying Tiger Heritage Co.,ltd","crAmt":188000.0},{"traderCode":"SUP189","compCode":"0010010","curCode":"MMK","coaCode":"001-00091","userCode":"SUP189","traderName":"GRACEWIN CO.,LTD","crAmt":190000.0},{"traderCode":"SUP190","compCode":"0010010","curCode":"MMK","coaCode":"001-00091","userCode":"SUP190","traderName":"Network Marketing Co.,ltd"},{"traderCode":"SUP191","compCode":"0010010","curCode":"MMK","coaCode":"001-00091","userCode":"SUP191","traderName":"Shwe Mya Yar Co.,ltd"},{"traderCode":"SUP192","compCode":"0010010","curCode":"MMK","coaCode":"001-00091","userCode":"SUP192","traderName":"Thukha Eain Co.,ltd","crAmt":402000.0},{"traderCode":"SUP193","compCode":"0010010","curCode":"MMK","coaCode":"001-00091","userCode":"SUP193","traderName":"Shwe Htay Min Co.,ltd","crAmt":85000.0},{"traderCode":"SUP195","compCode":"0010010","curCode":"MMK","coaCode":"001-00091","userCode":"SUP195","traderName":"OTTO  medical co.,ltd","crAmt":76000.0},{"traderCode":"SUP196","compCode":"0010010","curCode":"MMK","coaCode":"001-00091","userCode":"SUP196","traderName":"Medi Plus Co.,ltd","crAmt":66600.0},{"traderCode":"SUP197","compCode":"0010010","curCode":"MMK","coaCode":"001-00091","userCode":"SUP197","traderName":"Link Capital Development Co.,ltd"},{"traderCode":"SUP198","compCode":"0010010","curCode":"MMK","coaCode":"001-00091","userCode":"SUP198","traderName":"KY\u0026Associates (MDY)"},{"traderCode":"SUP199","compCode":"0010010","curCode":"MMK","coaCode":"001-00091","userCode":"SUP199","traderName":"Getz Pharma Co.,ltd","crAmt":204141.0},{"traderCode":"SUP200","compCode":"0010010","curCode":"MMK","coaCode":"001-00091","userCode":"SUP200","traderName":"Pharmaforte Co.,ltd"},{"traderCode":"SUP201","compCode":"0010010","curCode":"MMK","coaCode":"001-00091","userCode":"SUP201","traderName":"Myanmar Mass Marketing Co.,ltd"}]